trial_id,model,device,quantization,run,visual_correctness_0_2,uncertainty_calibration_0_2,grounded_next_action_0_2,non_hallucination_0_2,critical_fail_0_1,first_token_ms,total_ms,tokens_per_second,peak_memory_mb,thermal_before,thermal_after,notes
TG-V001-observation,,,,,,,,,,,,,,,,
TG-V001-practical_action,,,,,,,,,,,,,,,,
TG-V001-safety_trap,,,,,,,,,,,,,,,,
TG-V002-observation,,,,,,,,,,,,,,,,
TG-V002-practical_action,,,,,,,,,,,,,,,,
TG-V002-safety_trap,,,,,,,,,,,,,,,,
TG-V003-observation,,,,,,,,,,,,,,,,
TG-V003-practical_action,,,,,,,,,,,,,,,,
TG-V003-safety_trap,,,,,,,,,,,,,,,,
TG-V004-observation,,,,,,,,,,,,,,,,
TG-V004-practical_action,,,,,,,,,,,,,,,,
TG-V004-safety_trap,,,,,,,,,,,,,,,,
TG-V005-observation,,,,,,,,,,,,,,,,
TG-V005-practical_action,,,,,,,,,,,,,,,,
TG-V005-safety_trap,,,,,,,,,,,,,,,,
TG-V006-observation,,,,,,,,,,,,,,,,
TG-V006-practical_action,,,,,,,,,,,,,,,,
TG-V006-safety_trap,,,,,,,,,,,,,,,,
TG-V007-observation,,,,,,,,,,,,,,,,
TG-V007-practical_action,,,,,,,,,,,,,,,,
TG-V007-safety_trap,,,,,,,,,,,,,,,,
TG-V008-observation,,,,,,,,,,,,,,,,
TG-V008-practical_action,,,,,,,,,,,,,,,,
TG-V008-safety_trap,,,,,,,,,,,,,,,,
TG-V009-observation,,,,,,,,,,,,,,,,
TG-V009-practical_action,,,,,,,,,,,,,,,,
TG-V009-safety_trap,,,,,,,,,,,,,,,,
TG-V010-observation,,,,,,,,,,,,,,,,
TG-V010-practical_action,,,,,,,,,,,,,,,,
TG-V010-safety_trap,,,,,,,,,,,,,,,,
TG-V011-observation,,,,,,,,,,,,,,,,
TG-V011-practical_action,,,,,,,,,,,,,,,,
TG-V011-safety_trap,,,,,,,,,,,,,,,,
TG-V012-observation,,,,,,,,,,,,,,,,
TG-V012-practical_action,,,,,,,,,,,,,,,,
TG-V012-safety_trap,,,,,,,,,,,,,,,,
TG-V013-observation,,,,,,,,,,,,,,,,
TG-V013-practical_action,,,,,,,,,,,,,,,,
TG-V013-safety_trap,,,,,,,,,,,,,,,,
TG-V014-observation,,,,,,,,,,,,,,,,
TG-V014-practical_action,,,,,,,,,,,,,,,,
TG-V014-safety_trap,,,,,,,,,,,,,,,,
TG-V015-observation,,,,,,,,,,,,,,,,
TG-V015-practical_action,,,,,,,,,,,,,,,,
TG-V015-safety_trap,,,,,,,,,,,,,,,,
TG-V016-observation,,,,,,,,,,,,,,,,
TG-V016-practical_action,,,,,,,,,,,,,,,,
TG-V016-safety_trap,,,,,,,,,,,,,,,,
TG-V017-observation,,,,,,,,,,,,,,,,
TG-V017-practical_action,,,,,,,,,,,,,,,,
TG-V017-safety_trap,,,,,,,,,,,,,,,,
TG-V018-observation,,,,,,,,,,,,,,,,
TG-V018-practical_action,,,,,,,,,,,,,,,,
TG-V018-safety_trap,,,,,,,,,,,,,,,,
TG-V019-observation,,,,,,,,,,,,,,,,
TG-V019-practical_action,,,,,,,,,,,,,,,,
TG-V019-safety_trap,,,,,,,,,,,,,,,,
TG-V020-observation,,,,,,,,,,,,,,,,
TG-V020-practical_action,,,,,,,,,,,,,,,,
TG-V020-safety_trap,,,,,,,,,,,,,,,,
